label_candidate,track_count,example_source_url,notes
1992,13,https://youtu.be/NE6LBI2EXJg,bracket suffix in track title only
HD,10,https://youtube.com/watch?v=v-zUs5VLoWU,bracket suffix in track title only
HQ,10,https://youtube.com/watch?v=tAfvl8ow2xg,bracket suffix in track title only
Original Mix,9,https://youtube.com/watch?v=gu6RDPzDqXI,bracket suffix in track title only
FIGURE,8,https://youtube.com/watch?v=493mcsk2VWA,bracket suffix in track title only
M-Plant,8,https://youtube.com/watch?v=sNDb8LzObNI,bracket suffix in track title only
Re-Upload,8,https://youtube.com/watch?v=5GliZYpMQK8,bracket suffix in track title only
SOMA RECORDS,8,https://youtu.be/il5aWiEN5a8,bracket suffix in track title only
CLR,7,https://youtube.com/watch?v=xu4trnn2X-A,bracket suffix in track title only
Ostgut Ton,7,https://youtube.com/watch?v=dsiZO6oAekE,bracket suffix in track title only
TRUNCATE,7,https://youtube.com/watch?v=H2mcXIuwB2s,bracket suffix in track title only
TOKEN,6,https://youtube.com/watch?v=jVJrv2k7THM,bracket suffix in track title only
M-PLANT,6,http://youtu.be/iC6sOXnBglE,bracket suffix in track title only
ARTS,6,https://youtube.com/watch?v=bgqLrALL6d4,bracket suffix in track title only
MONNOM008,4,https://youtu.be/m51hgt0PmwA,bracket suffix in track title only
Klockworks,4,https://youtube.com/watch?v=Xhtv3bFDFDY,bracket suffix in track title only
SOMA,4,https://youtube.com/watch?v=xXJPm7Yvisk,bracket suffix in track title only
50 Weapons,4,https://youtube.com/watch?v=B0Nm7nA17Xs,bracket suffix in track title only
LIMITED.G.,4,https://youtube.com/watch?v=7Np5VSs1L5g,bracket suffix in track title only
Freerange,4,http://youtu.be/MLuO557bshY,bracket suffix in track title only
KW19,3,https://youtube.com/watch?v=Bqy24kD74zU,bracket suffix in track title only
POLEGROUP,3,https://youtu.be/iV2XC0QkwGg,bracket suffix in track title only
Official Video,3,https://youtube.com/watch?v=Ht6_-_txEBg,bracket suffix in track title only
Token,3,https://youtube.com/watch?v=fb_tN-WCAls,bracket suffix in track title only
MORDBOX001,3,https://youtu.be/CBr0zPNBrTM,bracket suffix in track title only
Soma Records,3,https://youtu.be/uauDNmXmYXI,bracket suffix in track title only
DM3D011,3,https://youtu.be/FVQb5YcSRig,bracket suffix in track title only
1993,3,https://youtube.com/watch?v=zDtkj41P3mI,bracket suffix in track title only
MONNOM BLACK,3,https://youtu.be/vQI7dqPuP3Y,bracket suffix in track title only
DRUMCODE,3,https://youtube.com/watch?v=G5IwiEUH57Q,bracket suffix in track title only
DYSTOPIAN002,3,https://youtube.com/watch?v=lXUtnZbZk60,bracket suffix in track title only
ENEMY RECORDS,3,https://youtu.be/clLRM7ULUuQ,bracket suffix in track title only
Sonntag Morgen,2,https://youtube.com/watch?v=dvwYmk1sabE,bracket suffix in track title only
ANAGRAM007,2,https://youtube.com/watch?v=--XB6uaJgfU,bracket suffix in track title only
BEK AUDIO,2,https://youtube.com/watch?v=gQ-RXblY6Js,bracket suffix in track title only
Blue Hour 2014,2,https://youtu.be/a8pVl0wZCx8,bracket suffix in track title only
Tortured,2,https://youtu.be/gQOmWMoYdgY,bracket suffix in track title only
INV014,2,https://youtu.be/GP7EE3LQlsE,bracket suffix in track title only
MOTE046,2,https://youtu.be/L2neMx7XaYk,bracket suffix in track title only
FLOAT010,2,https://youtube.com/watch?v=Mkz9_XzvzzQ,bracket suffix in track title only
Ancient Methods 2013,2,https://youtu.be/b80DqcFLI-c,bracket suffix in track title only
BLUEPRINT2016,2,https://youtube.com/watch?v=V7eu4uivfok,bracket suffix in track title only
TOKEN63,2,https://youtube.com/watch?v=o6HAt2efD7Y,bracket suffix in track title only
PLANETRHYTHM303,2,https://youtube.com/watch?v=3CYKkLTFhMg,bracket suffix in track title only
SK11003,2,https://youtu.be/W0mZH55Lp4I,bracket suffix in track title only
ODDEVEN004,2,https://youtu.be/8Ty7qiAlI2I,bracket suffix in track title only
Stroboscopic Artefacts SALP005 - SACD008,2,https://youtube.com/watch?v=mEPdoSx7IxQ,bracket suffix in track title only
EDLX051,2,https://youtu.be/ZdBWMA9M7xQ,bracket suffix in track title only
Token Records,2,https://youtube.com/watch?v=O5JGhiQXp6w,bracket suffix in track title only
PALING003,2,https://youtu.be/yTYMewpkY9A,bracket suffix in track title only
EXILE007,2,https://youtube.com/watch?v=pb74QWf6TCg,bracket suffix in track title only
cat#: EVENT0006,2,https://youtube.com/watch?v=9fCMzIQlvgE,bracket suffix in track title only
AMTK002,2,https://youtube.com/watch?v=LjYDH6zXvYo,bracket suffix in track title only
MOTE EVOLVER,2,https://youtu.be/dz_LWQU2Tdk,bracket suffix in track title only
PoleGroup,2,https://youtube.com/watch?v=nZe3q5GgcbQ,bracket suffix in track title only
Tresor,2,https://youtu.be/hxJJdd3Zl8o,bracket suffix in track title only
REKIDS,2,https://youtu.be/hqPHgRyj1k4,bracket suffix in track title only
Aufnahme + Wiedergabe X,2,https://youtube.com/watch?v=V2ItmCc61nE,bracket suffix in track title only
MONNOMBLACK009,2,https://youtube.com/watch?v=LBU5qGFCTlQ,bracket suffix in track title only
TRAUMPRINZ06,2,https://youtube.com/watch?v=18jTjrBwqFA,bracket suffix in track title only
Dystopian 003,2,https://youtu.be/j3BRZ55Jn8I,bracket suffix in track title only
Diffuse Reality Records,2,https://youtube.com/watch?v=asTuDctonbI,bracket suffix in track title only
BEARD MAN,2,https://youtube.com/watch?v=AybmdNHGhQA,bracket suffix in track title only
INF022,2,https://youtu.be/_ItC07Ql6Q0,bracket suffix in track title only
Music Man,2,https://youtube.com/watch?v=6hUqegoIGVU,bracket suffix in track title only
FORUM V,2,https://youtube.com/watch?v=zWeYcNfYn3U,bracket suffix in track title only
CHEAP052,2,https://youtube.com/watch?v=qkfVL_-qIQk,bracket suffix in track title only
OVUM RECORDINGS,2,https://youtube.com/watch?v=mLWyYyY9Q3c,bracket suffix in track title only
CRG006,2,https://youtube.com/watch?v=pdF1NDInrOk,bracket suffix in track title only
BP042,2,https://youtube.com/watch?v=lkSsCHi10gY,bracket suffix in track title only
LNTHN004,2,https://youtube.com/watch?v=DDitazdkC3Q,bracket suffix in track title only
47,2,https://youtu.be/HRedE0iv5lU,bracket suffix in track title only
TOKEN59,2,https://youtu.be/jj_pqTe8x4Y,bracket suffix in track title only
LDNWHT,2,https://youtube.com/watch?v=wRCuT1d2F30,bracket suffix in track title only
AMEN002,2,https://youtube.com/watch?v=qQRGfpJZU1Q,bracket suffix in track title only
TOKEN48LP,2,https://youtube.com/watch?v=daZdvQvGTyM,bracket suffix in track title only
THEM003,2,https://youtu.be/bzGpQTOvg4o,bracket suffix in track title only
EARTOGROUND RECORDS,2,https://youtu.be/pG0SBeaYRa0,bracket suffix in track title only
Modularz,2,https://youtube.com/watch?v=KXD8MbCmC8Q,bracket suffix in track title only
DYSTOPIAN 004,2,https://youtube.com/watch?v=1WPR7EgYGBU,bracket suffix in track title only
STOCKHOLM LTD,2,https://youtube.com/watch?v=NdltNVxcF_I,bracket suffix in track title only
Stroboscopic Artefacts - SA002,2,https://youtube.com/watch?v=VvY3SDHkzj8,bracket suffix in track title only
RECLAIM YOUR CITY,2,https://youtube.com/watch?v=NPMkxeeyAUY#t=186,bracket suffix in track title only
INV009,2,https://youtube.com/watch?v=P1KLwgg8o8Y,bracket suffix in track title only
INF019,2,https://youtube.com/watch?v=IduLpTiU5Ls,bracket suffix in track title only
BLUEPRINT RECORDS,2,https://youtube.com/watch?v=35PpspELgCM,bracket suffix in track title only
Figure SPC K,2,https://youtube.com/watch?v=oItefL1SmRw,bracket suffix in track title only
Stroboscopic Artefacts SALP002 - SACD005,2,https://youtube.com/watch?v=9hPIcBBvE4Y,bracket suffix in track title only
ON RECORDS,2,https://youtube.com/watch?v=HFn1n6yIh8Y,bracket suffix in track title only
A&S 005,2,https://youtube.com/watch?v=XBUh5zEffaE,bracket suffix in track title only
Modularz 10.2,2,https://youtube.com/watch?v=V7hALiWETXQ,bracket suffix in track title only
Hush 01,2,https://youtube.com/watch?v=cguAMLEJIQE,bracket suffix in track title only
non003,2,http://youtube.com/watch?v=wAeEpy-RIMY,bracket suffix in track title only
DRH035,2,http://youtube.com/watch?v=05OXaYlfpkM,bracket suffix in track title only
3024,2,http://youtube.com/watch?v=vCynef5gILk,bracket suffix in track title only
Running Back,2,https://youtube.com/watch?time_continue=201&v=OdG6p_Pn5NU,bracket suffix in track title only
HF030,2,http://youtube.com/watch?v=1YPmLyArC8M,bracket suffix in track title only
Rush Hour,2,http://youtube.com/watch?v=60VxZ9m66ws,bracket suffix in track title only
Unterton,2,http://youtube.com/watch?v=wmpFirzWLVo,bracket suffix in track title only
Personality,2,http://youtube.com/watch?v=1O8JOVv5UIA,bracket suffix in track title only
DEVELOPER006,1,https://youtu.be/HVEwL9dGFRc,bracket suffix in track title only
BOND,1,https://youtube.com/watch?v=N3Bk3h1h5Qs,bracket suffix in track title only
PRRUKLTDGGVSK,1,https://youtube.com/watch?v=dc-s_2cM8zg,bracket suffix in track title only
ICR005,1,https://youtube.com/watch?v=kVq68QOKWKk,bracket suffix in track title only
NON024,1,https://youtube.com/watch?v=0VJcuHDIRMo,bracket suffix in track title only
PHANTASY,1,https://youtu.be/maFNL8fkX5c,bracket suffix in track title only
DZR-000,1,https://youtu.be/NFFDp8iTLdc,bracket suffix in track title only
NST140,1,https://youtu.be/lQ0xp6HqwJU,bracket suffix in track title only
AQR006,1,https://youtube.com/watch?v=CpUPIfbf-1I,bracket suffix in track title only
FIGURE088,1,https://youtube.com/watch?v=f1ao1IUz0Cg,bracket suffix in track title only
Dekmantel,1,https://youtube.com/watch?v=BfLUPrQtpkk,bracket suffix in track title only
CIRQUE DU MINIMALISTE,1,https://youtube.com/watch?v=4L95Y3h6VP4,bracket suffix in track title only
K002,1,https://youtu.be/2RnRH3-294s,bracket suffix in track title only
POLEGROUP044,1,https://youtu.be/9vzGszZ5TTg,bracket suffix in track title only
SPAZIO001,1,https://youtube.com/watch?v=eX_wMW0MgY0,bracket suffix in track title only
AMTK005,1,https://youtu.be/P0oRUQZnZNE,bracket suffix in track title only
DKMNTL050,1,https://youtube.com/watch?v=ngS9a5qQ0LM,bracket suffix in track title only
MORD017,1,https://youtube.com/watch?v=OR-FHh5pjqY,bracket suffix in track title only
Mord 014,1,https://youtu.be/T1S-RRxxIDg,bracket suffix in track title only
MORD042,1,https://youtube.com/watch?v=p1T1dVVl5CY,bracket suffix in track title only
ARTS027,1,https://youtube.com/watch?v=eH2r1fz9ydk,bracket suffix in track title only
SK11004,1,https://youtube.com/watch?v=6RZJJeAPkCA&t=265s,bracket suffix in track title only
1994,1,https://youtube.com/watch?v=R9K8qlGmLXA,bracket suffix in track title only
official,1,https://youtube.com/watch?v=WPw7nlluRdc,bracket suffix in track title only
Persephonic Sirens 01,1,https://youtube.com/watch?v=i0U_mIhkTqE,bracket suffix in track title only
SG1777,1,https://youtube.com/watch?v=JBHcAd8Nhws,bracket suffix in track title only
MDG006,1,https://youtube.com/watch?v=jS7SZbHUJ0M,bracket suffix in track title only
STEIN001,1,https://youtube.com/watch?v=U4MZfOulxpQ,bracket suffix in track title only
Mord 001,1,https://youtube.com/watch?v=N8LLm9Jx4fw,bracket suffix in track title only
DECOY020,1,https://youtube.com/watch?v=u9dX6z_BrCs,bracket suffix in track title only
MPM29,1,https://youtube.com/watch?v=BlsjrKO_ZXA,bracket suffix in track title only
BP49,1,https://youtube.com/watch?v=57oHBTIfgDk&t=160s,bracket suffix in track title only
INFORMA010,1,https://youtube.com/watch?v=InnAuFe924g,bracket suffix in track title only
O-TON91,1,https://youtu.be/LzKs35EpCfU,bracket suffix in track title only
LEYLA 006,1,https://youtu.be/sGwsVJBJrJg,bracket suffix in track title only
PRBL007,1,https://youtube.com/watch?v=fKY6MSBnG1g,bracket suffix in track title only
JANICE001,1,https://youtu.be/6oWbblsGWmw,bracket suffix in track title only
STEIN001 | NovaFuture Blog Track Premiere,1,https://youtu.be/KYSFYveSIw8,bracket suffix in track title only
AMTK003,1,https://youtu.be/ZmDEu7DYt3w,bracket suffix in track title only
ELECTRIX010,1,https://youtube.com/watch?v=KbdTwuikVPM,bracket suffix in track title only
Drumcode Limited,1,https://youtube.com/watch?v=kJjh6T4sDKg,bracket suffix in track title only
o-ton100,1,https://youtube.com/watch?v=pkLzHEZ7YVk,bracket suffix in track title only
BT002,1,https://youtube.com/watch?v=om7pFS6s7u0,bracket suffix in track title only
PRRUK104,1,https://youtu.be/F1RFLL0Aqkc,bracket suffix in track title only
TSL008,1,https://youtube.com/watch?v=lP0b9j-ja6I,bracket suffix in track title only
ARTSCOLLECTIVE010,1,https://youtube.com/watch?v=9bsgpwjf86s&feature=youtu.be,bracket suffix in track title only
Alien Rain VI,1,https://youtube.com/watch?v=VxJPM17-tXs,bracket suffix in track title only
RH1,1,https://youtube.com/watch?v=i0MLetcsm0E,bracket suffix in track title only
POV002,1,https://youtube.com/watch?v=pLBcJ8--bds,bracket suffix in track title only
FIGURE084,1,https://youtu.be/j3_HGmprP7I,bracket suffix in track title only
POLEGROUP039,1,https://youtu.be/sjHYyvzMHGc,bracket suffix in track title only
The Hacker remix,1,https://youtu.be/ZFIfIK0s2BY,bracket suffix in track title only
OWNLIFE,1,https://youtube.com/watch?v=eiYdxN5dlPE,bracket suffix in track title only
ARTSCOLLECTIVE013,1,https://youtube.com/watch?v=bpOe7ei_Oro,bracket suffix in track title only
NE34,1,https://youtube.com/watch?v=U3i-T9h1X7g,bracket suffix in track title only
WCR017,1,https://youtu.be/T58KO_crGsU,bracket suffix in track title only
Power Vacuum 013,1,https://youtube.com/watch?v=UXOvDY2KbyM,bracket suffix in track title only
LAD029,1,https://youtu.be/1RoJhAA3MQo,bracket suffix in track title only
NONPLUS RECORDS,1,https://youtube.com/watch?v=S12POcCZz4M,bracket suffix in track title only
KA171,1,https://youtube.com/watch?v=7DKK6DP8dUc,bracket suffix in track title only
RK3,1,https://youtu.be/RkSod0QUswo,bracket suffix in track title only
FRACTURE004,1,https://youtube.com/watch?v=nuBVqey923A,bracket suffix in track title only
BLCS002,1,https://youtube.com/watch?v=AdGUTq891qs,bracket suffix in track title only
CRG007,1,https://youtu.be/3kT4lHrhxvc,bracket suffix in track title only
Stroboscoipc Artefacts SA5YEARS03,1,https://youtube.com/watch?v=0Qm7FdqBr8c,bracket suffix in track title only
Modul,1,https://youtu.be/fVrSGJi2_Zw,bracket suffix in track title only
SUBT101,1,https://youtube.com/watch?v=u4QCQgJBrCU,bracket suffix in track title only
TPN006,1,https://youtu.be/mMg5YOSBVqk,bracket suffix in track title only
Stroboscopic Artefacts SAM022,1,https://youtube.com/watch?v=BVxafpy7ieY,bracket suffix in track title only
SPORTIV001,1,https://youtube.com/watch?v=2Lv_qg9iKtA,bracket suffix in track title only
CLERGY,1,https://youtu.be/wg88tE9G9PA,bracket suffix in track title only
Itiswhatitis,1,https://youtube.com/watch?v=biduIU2zzTA,bracket suffix in track title only
AMTK004,1,https://youtube.com/watch?v=8o2BHkWvXZc,bracket suffix in track title only
non005,1,https://youtube.com/watch?v=tqIWAdqbirY,bracket suffix in track title only
Vanila 004,1,https://youtube.com/watch?v=tU1pvxeqBy8,bracket suffix in track title only
Fondation Sonore 02,1,https://youtu.be/THLQR4v2EmA,bracket suffix in track title only
F//001,1,https://youtu.be/A15MoDltDOc,bracket suffix in track title only
ENEMY032,1,https://youtube.com/watch?v=sIJj31Sf3Os,bracket suffix in track title only
NE24,1,https://youtube.com/watch?v=DQ7a2yU7fYg,bracket suffix in track title only
TRUNCATE13,1,https://youtube.com/watch?v=BZslFrEggJg,bracket suffix in track title only
REFLEKT008,1,https://youtu.be/apDLpE9YYfQ,bracket suffix in track title only
TOKEN69,1,https://youtu.be/Z2UGT-X6lBg,bracket suffix in track title only
DRH036,1,https://youtu.be/PCBJrG-Z4C4,bracket suffix in track title only
CRG003,1,https://youtu.be/h0tzBpYnEdc,bracket suffix in track title only
DREF025,1,https://youtube.com/watch?v=p8KGoMAka1o,bracket suffix in track title only
RYC007,1,https://youtube.com/watch?v=GKlOQ13eZZk,bracket suffix in track title only
SPAZIO002,1,https://youtube.com/watch?v=nezWnYB0ZHE,bracket suffix in track title only
EE10,1,https://youtube.com/watch?v=J8HVrrsYXyE,bracket suffix in track title only
GR008,1,https://youtube.com/watch?v=NEXnDKy2APE,bracket suffix in track title only
Mord 015,1,https://youtu.be/x40lldF_AgE,bracket suffix in track title only
Big & Dirty Recordings,1,https://youtube.com/watch?v=saupV2KuUY8,bracket suffix in track title only
BLEED005,1,https://youtube.com/watch?v=Co1_PmAroTQ,bracket suffix in track title only
VOI007,1,https://youtube.com/watch?v=0I9kzAILRsE,bracket suffix in track title only
WU43,1,https://youtu.be/JS62fcy6BLE,bracket suffix in track title only
MDG006X,1,https://youtube.com/watch?v=81JNjYl-yAI,bracket suffix in track title only
DRH051,1,https://youtube.com/watch?v=EVSWO7TCa8o,bracket suffix in track title only
Alien Rain 2014,1,https://youtu.be/cXv3TmhVR4w,bracket suffix in track title only
TSU030,1,https://youtu.be/O8Kuo5yfj5c,bracket suffix in track title only
Overlee Assembly 005,1,https://youtube.com/watch?v=rnlsbJEjeqM,bracket suffix in track title only
CRF003,1,https://youtube.com/watch?v=nfUiQ2OBAb0,bracket suffix in track title only
T2XS302,1,https://youtube.com/watch?v=xZ6dL4W1I1Q,bracket suffix in track title only
DM3D014,1,https://youtube.com/watch?v=u9W5uyrBQY8,bracket suffix in track title only
MDG009,1,https://youtube.com/watch?v=aNTLZqo5fnM,bracket suffix in track title only
Track 10,1,https://youtube.com/watch?v=PXS9eFF2Egw,bracket suffix in track title only
Stroboscopic Artefacts SAM016,1,https://youtu.be/_AKRX88lDbk,bracket suffix in track title only
TOKEN55,1,https://youtu.be/ZyZPNh5xJU0,bracket suffix in track title only
WOLS006,1,https://youtu.be/JAPBz_jmLLo,bracket suffix in track title only
CTSP027,1,https://youtu.be/suerC7wT1Uk,bracket suffix in track title only
GENESA006V,1,https://youtu.be/6iXFgkhNbF8,bracket suffix in track title only
TOKEN54,1,https://youtube.com/watch?v=dgAohdz8Np0,bracket suffix in track title only
TORTURED RECORDINGS,1,https://youtube.com/watch?v=9LJ93C4EZ3A,bracket suffix in track title only
Mote-Evolver 041,1,https://youtube.com/watch?v=CVLjIM90dQ4,bracket suffix in track title only
OCS 005,1,https://youtu.be/SvJmFr52NgE,bracket suffix in track title only
ITS013,1,https://youtube.com/watch?v=goJtpf0cPCQ,bracket suffix in track title only
Mord 012,1,https://youtube.com/watch?v=KQMaFI_06mI,bracket suffix in track title only
KW013,1,https://youtu.be/WG_zQyL3Dfs,bracket suffix in track title only
The House Music Anthem,1,https://youtube.com/watch?v=QAR8cq5Bl94,bracket suffix in track title only
a+w VI,1,https://youtube.com/watch?v=uJlJRu7EOAY,bracket suffix in track title only
Code Is Law 011,1,https://youtu.be/c43ZcAj4uL8,bracket suffix in track title only
T/W/B,1,https://youtube.com/watch?v=TBLUtbqP1lw,bracket suffix in track title only
47006,1,https://youtube.com/watch?v=EhdkKmR2IWg,bracket suffix in track title only
ARTS COLLECTIVE004,1,https://youtu.be/snvQTKYubFg,bracket suffix in track title only
BP-R02,1,https://youtu.be/0T_wA45xjO4,bracket suffix in track title only
WOLS 005,1,https://youtube.com/watch?v=u2BLm3lNqBQ,bracket suffix in track title only
TRESOR291,1,https://youtube.com/watch?v=VrrpsZRpk4s,bracket suffix in track title only
ENEMY RECORDS vs ARTS,1,https://youtu.be/NQteIMdYFmk,bracket suffix in track title only
ICR006,1,https://youtu.be/-IKF2BlaIPE,bracket suffix in track title only
MAGIC POWER,1,https://youtu.be/fj2pBAKnjj4,bracket suffix in track title only
TOKEN27,1,https://youtube.com/watch?v=ap514Ygpf6c,bracket suffix in track title only
TRESOR289,1,https://youtu.be/6hYV7fQudyA,bracket suffix in track title only
INV008,1,https://youtu.be/O-RR3zTUwJs,bracket suffix in track title only
Lost Somehow Edit,1,https://youtu.be/pRtiUwSfxms,bracket suffix in track title only
Valence,1,https://youtube.com/watch?v=PjoKdiA40zU,bracket suffix in track title only
K001,1,https://youtube.com/watch?v=k4cppaNphsA,bracket suffix in track title only
LACK011,1,https://youtube.com/watch?v=wmWc4_CXo1c,bracket suffix in track title only
Hospital Productions 2012,1,https://youtu.be/tVn_Wj6vtrI,bracket suffix in track title only
SPAZIO006,1,https://youtube.com/watch?v=B864RFKLg0Y,bracket suffix in track title only
TOKEN40,1,https://youtu.be/_NRbagWE9us,bracket suffix in track title only
Mord 022,1,https://youtube.com/watch?v=nNBODPbNzNk,bracket suffix in track title only
GENESA008VB,1,https://youtu.be/FH1PPg_VYzg,bracket suffix in track title only
Code Is Law 009,1,https://youtu.be/kbkIeMavsNs,bracket suffix in track title only
π,1,https://soundcloud.com/pielectronics/vofa-p014,bracket suffix in track title only
Reclaim Your City 005,1,https://youtu.be/Fk5CW3GldfU,bracket suffix in track title only
AFU LIMITED,1,https://youtube.com/watch?v=woZNvdc2Kis,bracket suffix in track title only
PRRUKLTDGW,1,https://youtube.com/watch?v=2kWoqKvoac4,bracket suffix in track title only
tresor,1,https://youtube.com/watch?v=8YOnAMQRmEE,bracket suffix in track title only
Official Music Video | Ostgut Ton,1,https://youtu.be/2KtTOhDLfug,bracket suffix in track title only
BIRDIE005,1,https://youtu.be/tjHiwQRqtUU,bracket suffix in track title only
KILLEKILL 012,1,https://youtube.com/watch?v=zH--JfMDzxQ,bracket suffix in track title only
LNTHN007,1,https://youtube.com/watch?v=L_0sw4nua_0,bracket suffix in track title only
TOKEN43,1,https://youtube.com/watch?v=nfD3bbF2q10,bracket suffix in track title only
WEEKEND CIRCUIT,1,https://youtube.com/watch?v=7jqRUUJaoFw,bracket suffix in track title only
Honey Soundsystem,1,https://youtu.be/iqt8IhINNfU,bracket suffix in track title only
SRX006,1,https://youtube.com/watch?v=r9aHdYegTsU,bracket suffix in track title only
MODUL,1,https://youtube.com/watch?v=FvdxduMu7Kc,bracket suffix in track title only
PH50RMX,1,https://youtube.com/watch?v=9gAcMKCVg2s,bracket suffix in track title only
UNBALANCE008,1,https://youtube.com/watch?v=bsO8Lcoh88I,bracket suffix in track title only
HPX65,1,https://youtu.be/Ba_xtBCEIXo,bracket suffix in track title only
Truncate,1,https://youtube.com/watch?v=CarzdDLFUko,bracket suffix in track title only
ZZZ013,1,https://youtube.com/watch?v=h1NwN8N4YLc,bracket suffix in track title only
SBSPCS003,1,https://youtube.com/watch?v=z1VM_6fk9-0,bracket suffix in track title only
ARTS020,1,https://youtube.com/watch?v=xjCb4CB-hdw,bracket suffix in track title only
LNTHN003,1,https://youtube.com/watch?v=fedXAbyvwR0,bracket suffix in track title only
IP011,1,https://youtu.be/zmIr1UVfYPQ,bracket suffix in track title only
AHRPE004,1,https://youtube.com/watch?v=5dAi4UhDbQg,bracket suffix in track title only
Hospital Productions 2016,1,https://youtu.be/qbvvJw9KIfM,bracket suffix in track title only
MDG007,1,https://youtube.com/watch?v=gpc3YKkxtJ8,bracket suffix in track title only
VAL005,1,https://youtube.com/watch?v=eJmonRvYWT8,bracket suffix in track title only
Hemlock Recordings,1,https://youtu.be/45vd72jSB00,bracket suffix in track title only
BLACKAXON 002,1,https://youtube.com/watch?feature=youtu.be&v=hZfyayt3Kzs,bracket suffix in track title only
FIDES 001,1,https://youtube.com/watch?v=NXHCeSP7zFI,bracket suffix in track title only
Suburban Avenue 001,1,https://youtu.be/2N6XOs6OP_Y,bracket suffix in track title only
100% PURE,1,https://youtu.be/OErEXchmTIs,bracket suffix in track title only
RK2,1,https://youtu.be/mV3Hk-Ej7Ws,bracket suffix in track title only
EarToGround,1,https://youtu.be/5l4QmhGy53c,bracket suffix in track title only
WUPS4,1,https://youtube.com/watch?v=evJUDvOgkmo,bracket suffix in track title only
T2XS301,1,https://youtube.com/watch?v=dWDwSGJkUPg,bracket suffix in track title only
VERSIONS001,1,https://youtube.com/watch?v=Jb4qGHO6cjE,bracket suffix in track title only
Stroboscopic Artefacts SA016,1,https://youtube.com/watch?v=ZiSXvCWnmEM,bracket suffix in track title only
Vault Series ⎮ VAULT013,1,https://youtube.com/watch?v=7JCplXUMzG4,bracket suffix in track title only
MODULARZ23,1,https://youtube.com/watch?v=es77ofU6YWU,bracket suffix in track title only
LANTHAN.AUDIO,1,https://youtube.com/watch?v=h3Zl2r7FqGU,bracket suffix in track title only
PRSON002,1,https://youtube.com/watch?v=oIFCcNjCveo,bracket suffix in track title only
Indigo Aera,1,https://youtube.com/watch?v=Eph-QZZwQwI#,bracket suffix in track title only
WUNDERBLOCK RECORDS,1,https://youtu.be/Vw5qJ8T1AN8,bracket suffix in track title only
TOKEN62,1,https://youtube.com/watch?v=JEvMxunATLo,bracket suffix in track title only
DYNAMIC REFLECTION,1,https://youtube.com/watch?v=BTmOkldnHDI,bracket suffix in track title only
MODULARZ024,1,https://youtube.com/watch?v=yykYnonafxw&list=PLd87vN3VDLXUD4WC-iCX9QUSzDGLdxG-r&index=6,bracket suffix in track title only
FIGURE078,1,https://youtube.com/watch?v=qWAyz-g13lY,bracket suffix in track title only
MOSAIC,1,https://youtube.com/watch?v=m61EgYphFNE,bracket suffix in track title only
Orbis Records,1,https://youtube.com/watch?v=Kr2-TzA9P0I,bracket suffix in track title only
Token Belgium,1,https://youtube.com/watch?v=W5YicyDMrP0,bracket suffix in track title only
Main Mix,1,https://youtube.com/watch?v=b5zzS40-xbo,bracket suffix in track title only
Suburban Avenue 004,1,https://youtube.com/watch?v=UgiYxao2Bf4,bracket suffix in track title only
MONOCLINE REC.,1,https://youtu.be/kT-7xv-R4F8,bracket suffix in track title only
Birdie,1,https://youtube.com/watch?v=AVExpP8nW_w,bracket suffix in track title only
Tir Na Nog EP A1,1,https://youtube.com/watch?v=7iTvvvLVC6w,bracket suffix in track title only
ML029,1,https://youtube.com/watch?v=xUG8K6QND8w&feature=youtu.be,bracket suffix in track title only
Ternesc,1,https://youtube.com/watch?v=GpPY5XK4CFU,bracket suffix in track title only
SEMANTICA 10​.​III,1,https://youtube.com/watch?v=4D0cPUbmlZQ&feature=youtu.be,bracket suffix in track title only
Eerie 009,1,https://youtube.com/watch?v=iqWwAFUpyYs,bracket suffix in track title only
non007,1,https://youtube.com/watch?v=Nsoe7kIzZe8,bracket suffix in track title only
Stroboscopic Artefacts - SAM011,1,https://youtube.com/watch?v=i05NranXuec,bracket suffix in track title only
FAM003,1,https://youtube.com/watch?v=LANTNSfvem8,bracket suffix in track title only
NONPLUS032,1,https://youtube.com/watch?v=2tc_zGT8Af4,bracket suffix in track title only
Ilian Tape 019,1,https://youtu.be/NqvO8jk5QBM,bracket suffix in track title only
PLANET RHYTHM,1,https://youtube.com/watch?v=gH9enhs6KcM,bracket suffix in track title only
TESC 002,1,https://youtu.be/bnzm7_hwLO8,bracket suffix in track title only
Reclaim Your City 006,1,https://youtube.com/watch?v=2A3Ga_jo_6w,bracket suffix in track title only
FIGURESPCZ,1,https://youtube.com/watch?v=lSJhbNx19_A,bracket suffix in track title only
Mord030,1,https://youtube.com/watch?v=QVktIE0LqaQ,bracket suffix in track title only
LIMITED007,1,https://youtube.com/watch?v=EW7y9Su0j6g,bracket suffix in track title only
Vault Series 018,1,https://youtube.com/watch?v=6erhAWLr8WQ,bracket suffix in track title only
Mord 024,1,https://youtube.com/watch?v=luG9uRrigIs,bracket suffix in track title only
TRP004,1,https://youtube.com/watch?v=VjOkzFk-ZRg,bracket suffix in track title only
TOKEN51,1,https://youtube.com/watch?v=BgMRV4_P16g,bracket suffix in track title only
Mosaic,1,https://youtube.com/watch?v=rUGRPYDM310,bracket suffix in track title only
Weekend Circuit/WCR011,1,https://youtube.com/watch?v=PfTjUIWmyIc,bracket suffix in track title only
Work Them Records,1,https://youtube.com/watch?v=O-1P9sZawWU,bracket suffix in track title only
Credo,1,https://youtube.com/watch?v=dJ0tCs-VRqU,bracket suffix in track title only
BCR010,1,https://youtube.com/watch?v=QszhkcXDTg0,bracket suffix in track title only
Hospital Productions 2013,1,https://youtube.com/watch?v=i5vNk1Zow5c&list=PLBuPUP8wtTPIlJH12C8FesjWOaVQ3SEuD&index=4,bracket suffix in track title only
INV010,1,https://youtube.com/watch?v=BeVRp4vhpP0,bracket suffix in track title only
BP044,1,https://youtube.com/watch?v=D31fo4yc314,bracket suffix in track title only
NST116,1,https://youtube.com/watch?v=U55qq6aaf50,bracket suffix in track title only
Fossil Archive 004,1,https://youtube.com/watch?v=v1FrZIXj6XE,bracket suffix in track title only
KILLEKILL 010,1,https://youtube.com/watch?v=daNG-LyYSxg,bracket suffix in track title only
Nheoma Spain Records,1,https://youtube.com/watch?v=weVXTLvGf7M,bracket suffix in track title only
Mixed By Luke Hess,1,http://youtube.com/watch?v=aS86JxhyiP4,bracket suffix in track title only
ALLIANCE V EP - A1,1,https://youtube.com/watch?v=PdA97wkLsV4,bracket suffix in track title only
1990,1,https://youtu.be/I7N8tNuuGv8,bracket suffix in track title only
REPITCH1003,1,https://youtu.be/OmD4j0PAhH4,bracket suffix in track title only
ATTICL002,1,https://youtube.com/watch?v=mZQvNId474I,bracket suffix in track title only
Blueprint 041,1,https://youtube.com/watch?v=tBqU3rngC44,bracket suffix in track title only
TOKEN52,1,https://youtu.be/i2CtbbV7Xwo,bracket suffix in track title only
HFT039,1,https://youtu.be/Poenk9JVJ-0,bracket suffix in track title only
TRIP003,1,https://youtube.com/watch?v=pvEdwl88J2U,bracket suffix in track title only
INFRASTRUCTURE NEW YORK,1,https://youtu.be/Q7M5TGCa09A,bracket suffix in track title only
DSTRT001,1,https://youtube.com/watch?v=vtbLYMvAE1Y,bracket suffix in track title only
Warm Up 41,1,https://youtube.com/watch?v=vWclcXZcZFw,bracket suffix in track title only
MOTE044,1,http://youtu.be/av1C6sR9Nps,bracket suffix in track title only
SOMBRA002,1,https://youtube.com/watch?v=UVbrBiybtvo,bracket suffix in track title only
47005,1,https://youtube.com/watch?v=BoKz0BWQ9wA,bracket suffix in track title only
UNRILIS,1,https://youtube.com/watch?v=kFuYXlc-c-s,bracket suffix in track title only
Jealous God 002,1,https://youtu.be/_5NWxZkPKas,bracket suffix in track title only
FIDES 004,1,https://youtube.com/watch?v=VjoZHc-iYWg,bracket suffix in track title only
LEYLA006,1,https://youtube.com/watch?v=tMBAtF_pR4Y,bracket suffix in track title only
FRT 09 CD 2001,1,https://youtube.com/watch?v=qm363nGkZ6M,bracket suffix in track title only
50WEAPONS,1,https://youtube.com/watch?v=ti8gbQHawqk,bracket suffix in track title only
Ostgut Ton 091,1,https://youtube.com/watch?v=kDLJQNSq5Pw,bracket suffix in track title only
Ostgut Ton 2015,1,https://youtu.be/7urBRU8pHjs,bracket suffix in track title only
Krake 001,1,https://youtube.com/watch?v=R0SckKYtpsk,bracket suffix in track title only
Gravitational,1,https://youtube.com/watch?v=VdOpWnuhkL4,bracket suffix in track title only
BPitch,1,https://youtube.com/watch?v=zjA92TgpY_Q,bracket suffix in track title only
EPM32,1,https://youtube.com/watch?v=b3RNLRgguyw,bracket suffix in track title only
Complex Adaptive Systems 001,1,https://youtube.com/watch?v=8fyBcRT4LWY,bracket suffix in track title only
47 003,1,http://youtu.be/bgX1AdpjB3g,bracket suffix in track title only
NST113,1,https://youtube.com/watch?v=cfpzZH78Ak8,bracket suffix in track title only
MORD,1,https://youtube.com/watch?v=epSpHCXYIM0,bracket suffix in track title only
MORD010,1,https://youtu.be/sc-EZUUxTx8,bracket suffix in track title only
Ann Aimee,1,https://youtube.com/watch?v=RwBGcqI41yE,bracket suffix in track title only
Ostgut Ton LP 20 03,1,https://youtu.be/234jshankqk,bracket suffix in track title only
Figure,1,https://youtu.be/XX7ASP3Xm4Q,bracket suffix in track title only
Relief Records,1,https://youtu.be/T6Kx5h9c7pI,bracket suffix in track title only
ORIGINAL MIX,1,https://youtube.com/watch?v=7zJ6byW3Ho0,bracket suffix in track title only
Rekids,1,https://youtube.com/watch?v=F3_URDhKwa4,bracket suffix in track title only
FCD01,1,https://youtube.com/watch?v=mSyQk1Hxx-k,bracket suffix in track title only
Edit Select,1,http://youtu.be/meY0ySK16EI,bracket suffix in track title only
Soma,1,https://youtu.be/G0Qu5mGjs9o,bracket suffix in track title only
feat. Aremu,1,https://youtu.be/XM4ltdpDB8Y,bracket suffix in track title only
MORD024,1,https://youtube.com/watch?v=HtxkWMRmthE,bracket suffix in track title only
Code Is Law 003,1,https://youtube.com/watch?v=LCpzUVMAG8g,bracket suffix in track title only
Sonic Groove 1569,1,https://youtube.com/watch?v=wTJLVRRYF9w,bracket suffix in track title only
LACR001,1,http://youtu.be/NWKhp8Gisic,bracket suffix in track title only
Hinge Finger,1,http://youtu.be/1mR6zmSTDNE,bracket suffix in track title only
HUSH 003,1,http://youtu.be/nOfoYuNyjcA,bracket suffix in track title only
ACHROMATIQ RECORDS,1,https://youtube.com/watch?v=eUF7tsQ6Vn8,bracket suffix in track title only
GKNSTR 07,1,https://youtube.com/watch?v=BmshMkQFEdg,bracket suffix in track title only
MORD 009,1,https://youtube.com/watch?time_continue=228&v=2mDSLDJPPdw,bracket suffix in track title only
FIDES 003,1,https://youtube.com/watch?v=HV5fZnzzhzw,bracket suffix in track title only
MUTEWAX Limited,1,http://youtu.be/FFMJUyi4rMg,bracket suffix in track title only
BOYSNOIZE RECORDS,1,http://youtu.be/ykdciLMQHoc,bracket suffix in track title only
DELSIN110,1,https://youtube.com/watch?v=HNFAGv4w22M,bracket suffix in track title only
GKNSTR04,1,https://youtube.com/watch?v=UmDQokdCCZM,bracket suffix in track title only
DYSTOPIAN 010,1,https://youtube.com/watch?v=hrNuU7zBKgA,bracket suffix in track title only
Will & Ink,1,https://youtube.com/watch?v=vM0kT5pMLyk,bracket suffix in track title only
hmvvrk001,1,https://youtube.com/watch?v=nPEO8FrYuy4,bracket suffix in track title only
Ostgut Ton 087,1,https://youtube.com/watch?v=L556wOAQocA,bracket suffix in track title only
HD SOUND,1,https://youtube.com/watch?v=aQUIsgrlp10,bracket suffix in track title only
Black Sun,1,https://youtube.com/watch?v=1bV7tjwCJDA,bracket suffix in track title only
Figure SPC,1,https://youtube.com/watch?v=ljclaiRscOI,bracket suffix in track title only
ATTIC010,1,https://youtube.com/watch?v=AaZ45ugzCYU,bracket suffix in track title only
MDR 006,1,https://youtube.com/watch?v=sv3UGwlYcW4,bracket suffix in track title only
OCS004,1,https://youtube.com/watch?v=mmRn0-LreAc,bracket suffix in track title only
HD/HQ,1,https://youtube.com/watch?v=CiYKot_toGY,bracket suffix in track title only
Token46,1,http://youtu.be/5anYn-ifQBc,bracket suffix in track title only
TRESOR,1,https://youtube.com/watch?v=WYW7wx76wvA,bracket suffix in track title only
Basic Channel,1,https://youtu.be/EYKMEkTpfKo,bracket suffix in track title only
aDepth Audio,1,https://youtu.be/Wp0nEJ8EmBA,bracket suffix in track title only
non010,1,https://youtube.com/watch?v=qu56BWtU95Y,bracket suffix in track title only
1998,1,https://youtu.be/kpZUgqmiGO0,bracket suffix in track title only
non008,1,http://youtu.be/H_iU0gBv07k,bracket suffix in track title only
DN 020020,1,https://youtube.com/watch?v=AHEk_aadhtE,bracket suffix in track title only
Tresor 267,1,https://youtube.com/watch?v=AHOI_f3q68o,bracket suffix in track title only
SCR Dark Series 008,1,https://youtu.be/oErR2Zz9L8k,bracket suffix in track title only
Stroboscopic Artefacts SA5YEARS05,1,https://youtube.com/watch?v=AP8C3oYEtTo,bracket suffix in track title only
The Secret Initiative 2015,1,https://youtu.be/U0peFF_avS0,bracket suffix in track title only
NHEOMA,1,https://youtube.com/watch?v=sN4Am26rUC8,bracket suffix in track title only
Monnom Black 005,1,https://youtube.com/watch?v=yrxdC7iqOE8,bracket suffix in track title only
TURBO RECORDINGS,1,https://youtube.com/watch?v=Uiqmtgg-X2o,bracket suffix in track title only
Stroboscopic Artefacts SA5YEARS03,1,https://youtube.com/watch?v=4mfbVEAoiW0,bracket suffix in track title only
Weekend Circuit 009,1,https://youtube.com/watch?v=rZkwMi5AL1I,bracket suffix in track title only
BALANS018,1,https://youtube.com/watch?v=VkPHiK4H8cQ,bracket suffix in track title only
SG1571,1,https://youtube.com/watch?v=lIeWpKQLp-A,bracket suffix in track title only
Stroboscopic Artefacts SAM017,1,https://youtube.com/watch?v=7drBY1-qM9g,bracket suffix in track title only
RYC002,1,https://youtube.com/watch?v=_hSX4GkFyP4,bracket suffix in track title only
FULL HQ,1,https://youtube.com/watch?v=M2Pc65XYjJM,bracket suffix in track title only
1988,1,https://youtube.com/watch?v=YO9KEKnnlKs&feature=youtu.be,bracket suffix in track title only
MODULARZ,1,https://youtube.com/watch?list=PLYikOuc5t4VLKxJE0ih3ij90PPsQyw1N9&v=MOzOgi8ZTEs,bracket suffix in track title only
Translucent,1,https://youtube.com/watch?v=lUbkBFlCslM,bracket suffix in track title only
COCOON RECORDINGS,1,http://youtube.com/watch?v=Mi2WUUWY_eU,bracket suffix in track title only
AVN #009,1,https://youtube.com/watch?v=C8C6xiICqtM,bracket suffix in track title only
On And On,1,https://youtu.be/zlZcZAE-64Q,bracket suffix in track title only
Bek Audio,1,https://youtube.com/watch?v=v6wvlptDawA,bracket suffix in track title only
TFE XX1,1,https://youtube.com/watch?v=CVu91ah6dqc,bracket suffix in track title only
In The Dark Again 02,1,https://youtu.be/6erObnw1_fY,bracket suffix in track title only
Nexe 2013,1,https://youtube.com/watch?v=sa5NgeL6rCk,bracket suffix in track title only
Stroboscopic Artefacts - SA011,1,https://youtube.com/watch?v=HvNh2RlZtEE,bracket suffix in track title only
Inv001,1,https://youtube.com/watch?v=wV_FevI1i5c,bracket suffix in track title only
RYC 001,1,https://youtu.be/MKliV6fRUUE,bracket suffix in track title only
I/Y 003,1,https://youtu.be/f1ZLtlWW_0A,bracket suffix in track title only
SELECTED EDITS,1,http://youtu.be/cfyPkBX9pek,bracket suffix in track title only
Stroboscopic Artefacts SAM005,1,https://youtube.com/watch?v=wkTehwERgSg,bracket suffix in track title only
Dynamic Reflection 024,1,https://youtube.com/watch?v=vycgnWJD690,bracket suffix in track title only
Ilian Tape,1,https://youtube.com/watch?v=QKFhh-EbrEs,bracket suffix in track title only
SLEAZE RECORDS (UK),1,https://youtube.com/watch?v=0lZ-mApeIy0,bracket suffix in track title only
Axis,1,https://youtube.com/watch?v=H60hEFeFPCY,bracket suffix in track title only
Affin,1,https://youtube.com/watch?v=SyIOzt8v5AQ,bracket suffix in track title only
Lunar Disco 2014,1,https://youtube.com/watch?v=DWICJu3nTZQ,bracket suffix in track title only
Scene III,1,https://youtube.com/watch?v=sizZKBiKqZQ,bracket suffix in track title only
MuteWax,1,https://youtube.com/watch?v=NLfeeWM7qAU&app=desktop,bracket suffix in track title only
Mord 002,1,https://youtube.com/watch?v=gchR9im0Rpw,bracket suffix in track title only
Fracture 003,1,https://youtube.com/watch?v=4OMEk9eGjBs,bracket suffix in track title only
PUSHMASTER DISCS,1,https://youtube.com/watch?v=zfKd2oUZQjM,bracket suffix in track title only
THEMA032,1,https://youtube.com/watch?v=ek6TmcBt7Ok,bracket suffix in track title only
AViAN#004,1,https://youtube.com/watch?v=cLU1RYUzQCM,bracket suffix in track title only
OCS006,1,https://youtube.com/watch?v=E5M4pfB4yKM,bracket suffix in track title only
IMF04,1,https://youtube.com/watch?v=luIGSp7LJxE,bracket suffix in track title only
SUBSPECIES,1,https://youtube.com/watch?v=qTRMFRalF7E,bracket suffix in track title only
Studio Barnhus,1,https://youtube.com/watch?v=M7BExuX42KA,bracket suffix in track title only
subspecies 001,1,https://youtube.com/watch?v=e4yvm_xZxN0,bracket suffix in track title only
50 WEAPONS,1,https://youtube.com/watch?v=MyMcNdgF7Y0,bracket suffix in track title only
Subterranean EP - Singular Records 2014,1,https://youtube.com/watch?v=9H18QRD4xHc,bracket suffix in track title only
Stroboscopic Artefacts - SA001,1,https://youtube.com/watch?v=4dCdntg9ue4,bracket suffix in track title only
BLANK CODE,1,http://youtu.be/0iA_0U0h-Oo,bracket suffix in track title only
M-Rec Ltd,1,https://youtube.com/watch?v=VziWtkS2O1o,bracket suffix in track title only
Konstrukt Records,1,http://youtu.be/U-EQTqOipN0,bracket suffix in track title only
1080 HD,1,https://youtube.com/watch?v=It4WxQ6dnn0,bracket suffix in track title only
Ilian Tape 024,1,https://youtube.com/watch?v=9a5VKytToE4,bracket suffix in track title only
Stroboscopic Artefacts SA5YEARS01,1,http://youtu.be/nWGvMjpxM3s,bracket suffix in track title only
Our Circular Sound,1,https://youtube.com/watch?v=OG1IKCNAFEI,bracket suffix in track title only
Stroboscopic Artefacts SA023,1,https://youtube.com/watch?v=gKoS9AwxOpw,bracket suffix in track title only
KEY Vinyl,1,https://youtube.com/watch?v=Ch7pCsDJjyU,bracket suffix in track title only
non001,1,http://youtube.com/watch?v=KQPvRX5PJ8w,bracket suffix in track title only
IY004,1,https://youtube.com/watch?v=728A2zV8N3o,bracket suffix in track title only
FIGURE57,1,https://youtube.com/watch?v=KSjIH0IPaP4,bracket suffix in track title only
MINDTRIP,1,https://youtube.com/watch?v=O_AJGRdXMv8,bracket suffix in track title only
ROH001,1,http://youtu.be/6FS1u8988IQ,bracket suffix in track title only
Wild Oats,1,https://youtube.com/watch?v=XK3Xy5LnlxY,bracket suffix in track title only
Frozen Border,1,http://youtube.com/watch?v=_ybvkn6X-tk,bracket suffix in track title only
EDIT SELECT RECORDS,1,https://youtube.com/watch?v=B9BxjscPUQU,bracket suffix in track title only
FIGURE SPC R,1,https://youtube.com/watch?v=tyLy5ijrArY,bracket suffix in track title only
Vizion Division,1,https://youtube.com/watch?v=w7xvKgfi-CU&feature=share,bracket suffix in track title only
RELOAD RECORDS,1,http://youtube.com/watch?v=CeQunk_EEvc,bracket suffix in track title only
Index Marcel Fengler 03,1,http://youtube.com/watch?v=HopjSGNMcpg,bracket suffix in track title only
MYTH001,1,https://youtube.com/watch?v=H_LvrSYXXig,bracket suffix in track title only
PoleGroup Records,1,http://youtube.com/watch?v=Zpzvike-6EU,bracket suffix in track title only
200 Ep - ELE-R004,1,http://youtube.com/watch?v=vriM7iU7itM,bracket suffix in track title only
Nonnative 01,1,https://youtube.com/watch?v=ibvMHuqJzps,bracket suffix in track title only
SCKT02,1,https://youtube.com/watch?v=QTrpdXZ2Vio,bracket suffix in track title only
030|006D,1,https://youtube.com/watch?v=rdyiXBAck-k,bracket suffix in track title only
SILENT STEPS,1,https://youtube.com/watch?v=qNn7IGeextI,bracket suffix in track title only
SHEWORKS005,1,https://youtube.com/watch?v=WTlhgEUmWpI,bracket suffix in track title only
M Plant,1,https://youtube.com/watch?v=D_3eUbhl0AE,bracket suffix in track title only
Horizontal Ground,1,https://youtube.com/watch?v=VzCrDAltCp0,bracket suffix in track title only
TOKEN33LP,1,https://youtube.com/watch?v=SLGVcMwHD1w,bracket suffix in track title only
O-TON77,1,https://youtube.com/watch?v=NRTMmW7iwGY,bracket suffix in track title only
IYMOM 001,1,https://youtube.com/watch?v=hDqjF7F0ozo,bracket suffix in track title only
Hush002,1,http://youtube.com/watch?v=JtVe5m2K-qc,bracket suffix in track title only
CRS Ltd. 001,1,https://youtube.com/watch?v=OpMw5e-f16Q,bracket suffix in track title only
MINUS33,1,https://youtube.com/watch?v=YMlO3-0g99w,bracket suffix in track title only
INVOLVE RECORDS,1,http://youtube.com/watch?v=RfAnjKUBgLE,bracket suffix in track title only
Dynamic Reflection,1,https://youtube.com/watch?v=eQWWRH_9ZHo,bracket suffix in track title only
Abstract Animal,1,https://youtube.com/watch?v=cfhh2NMwHBY,bracket suffix in track title only
DEEPLY ROOTED HOUSE,1,https://youtube.com/watch?v=wDGKmELWiXU,bracket suffix in track title only
SYNEWAVE,1,http://youtube.com/watch?v=MjzW3P91LKg,bracket suffix in track title only
HARDGROOVE,1,https://youtube.com/watch?v=mCsI0b-vWC8,bracket suffix in track title only
Bush 1089 - A-Side,1,http://youtube.com/watch?v=K5TT3lKRrEc,bracket suffix in track title only
Headless Horseman 003,1,https://youtube.com/watch?v=SnUVYnanRbQ,bracket suffix in track title only
CCCP 04,1,https://youtube.com/watch?v=vOfzAvc8mPU,bracket suffix in track title only
WetYourSelf Recordings,1,http://youtube.com/watch?v=7JlBR5gnMZM,bracket suffix in track title only
PLECTOR 005,1,http://youtube.com/watch?v=RQcNJKRFwA8,bracket suffix in track title only
REJ028,1,https://youtube.com/watch?v=bD_Pc51-kQ8,bracket suffix in track title only
OSTGUTCD27,1,http://youtube.com/watch?v=DkCeMtrjNLQ,bracket suffix in track title only
SHEWORKS003,1,http://youtube.com/watch?v=IvIyN_WU5I4,bracket suffix in track title only
A2,1,http://youtube.com/watch?v=oTcOEJcKdfI,bracket suffix in track title only
KILLEKILL 014,1,http://youtube.com/watch?v=t1Es9FwcAa0,bracket suffix in track title only
Index Marcel Fengler,1,http://youtube.com/watch?v=eJ-gtfE5wo8,bracket suffix in track title only
Ongaku 011 - Blood Mix,1,http://youtube.com/watch?v=i1GkATrwiMM,bracket suffix in track title only
Tallmen 001,1,http://youtube.com/watch?v=884MF7VmoG4,bracket suffix in track title only
CLRX2,1,http://youtube.com/watch?v=bFbzdyyv98k,bracket suffix in track title only
PNLP03,1,https://youtube.com/watch?v=3vIiyoVen3g,bracket suffix in track title only
O-TON42,1,http://youtube.com/watch?v=SM43i2qvKq8,bracket suffix in track title only
ann006,1,http://youtube.com/watch?v=vQRLlnVzNFM,bracket suffix in track title only
D1,1,http://youtube.com/watch?v=5u7OT7dM_x4,bracket suffix in track title only
A&S 004,1,http://youtube.com/watch?v=ZLxFZnQ0Rds,bracket suffix in track title only
KILLEKILL 013,1,http://youtube.com/watch?v=vjhSoa2SEsg,bracket suffix in track title only
SCKT01,1,http://youtube.com/watch?v=IinwL8FUyB0,bracket suffix in track title only
Giegling,1,http://youtube.com/watch?v=QtfHvSzW5yo,bracket suffix in track title only
A&S 003,1,http://youtube.com/watch?v=kqENkkdXUCo,bracket suffix in track title only
Prologue Music 2013,1,http://youtube.com/watch?v=7XRRUeI9MaM,bracket suffix in track title only
Stroboscopic Artefacts - SA009,1,http://youtube.com/watch?v=MI6s84LJY4s,bracket suffix in track title only
Downwards 2012,1,http://youtube.com/watch?v=Q0UdyWWVTAM,bracket suffix in track title only
HFT027,1,http://youtube.com/watch?v=6OAJFiCuemE,bracket suffix in track title only
Part 1/2,1,http://youtube.com/watch?v=c3HIoy-h3P0,bracket suffix in track title only
Stallion001,1,http://youtube.com/watch?v=lL12dMG8VGw,bracket suffix in track title only
Sonic Groove,1,http://youtube.com/watch?v=qLxpvGF3dzA,bracket suffix in track title only
Dystopian,1,http://youtube.com/watch?v=xT4tQA-Crrc,bracket suffix in track title only
NAKEDLUNCH,1,http://youtube.com/watch?v=p48RUwNzFmc,bracket suffix in track title only
ORIGINAL,1,http://youtube.com/watch?v=aGE5QTWgVxo,bracket suffix in track title only
SCB001,1,http://youtube.com/watch?v=CUeknkpE4d8,bracket suffix in track title only
michael forzza rmx,1,http://youtube.com/watch?v=Uy2BB05aklQ,bracket suffix in track title only
Monoloc rmx,1,http://youtube.com/watch?v=E1qzV-INGjA,bracket suffix in track title only
Versatile,1,http://youtube.com/watch?v=YtzyzKL6S-I,bracket suffix in track title only
Kat Modena EP (A1) - Purpose Maker 002,1,http://youtube.com/watch?v=9RVSNrH9hwU,bracket suffix in track title only
K209-2,1,http://youtube.com/watch?v=6aV1E5iilPI,bracket suffix in track title only
Teknotika Records (GG-28) - A,1,http://youtube.com/watch?v=nfoGgbTq5Ok,bracket suffix in track title only
C2 Rmx 1,1,http://youtube.com/watch?v=1NrKCt-hcBo,bracket suffix in track title only
HF041,1,https://youtube.com/watch?v=U7sq1WpKCdQ,bracket suffix in track title only
"Trackmode Recordings, TM-029",1,https://youtube.com/watch?v=5dPUQwwtuvQ,bracket suffix in track title only
Electric Minds,1,https://youtube.com/watch?v=U6EVrEZfpAE,bracket suffix in track title only
TRAUMPRINZ04,1,https://youtube.com/watch?v=Q-HupYg69P0,bracket suffix in track title only
320k,1,https://youtube.com/watch?v=25KdkTipTJ0&list=PLVI726ZPf8ba6ao-Q8duMGOP0Jq7i-Ygi&index=48,bracket suffix in track title only
12ROB31,1,https://youtu.be/Zrd4zjFraoM,bracket suffix in track title only
Unreleased,1,https://youtube.com/watch?v=R5B6xgWcGQw,bracket suffix in track title only
EPM Music,1,https://youtube.com/watch?v=sibOLuOp11A,bracket suffix in track title only
Sneaker Social Club,1,https://youtu.be/Cjpo29ACGw0,bracket suffix in track title only
Le Hult,1,https://youtu.be/NUHI4_PKxsk,bracket suffix in track title only
HINF8679,1,https://youtube.com/watch?v=H31eymtpmmc,bracket suffix in track title only
Houndstooth,1,https://youtube.com/watch?v=Qfl8N2kVpoM,bracket suffix in track title only
R$N Records,1,https://youtube.com/watch?v=mi65zdInD6M,bracket suffix in track title only
with lyrics,1,https://youtube.com/watch?v=mrZRURcb1cM,bracket suffix in track title only
CRC-01,1,https://youtube.com/watch?v=JphdGGrXMsE,bracket suffix in track title only
Extended Version,1,https://youtube.com/watch?v=xaTktEf9h4A,bracket suffix in track title only
Nellee Hooper Extended Mix,1,https://youtube.com/watch?v=rBZov0OjYck,bracket suffix in track title only
2013,1,https://youtube.com/watch?v=qmd_o1s7sds,bracket suffix in track title only
Yoruba Records,1,https://youtu.be/M0C80qHYabA,bracket suffix in track title only
STITCHUP000,1,https://youtube.com/watch?v=AWOdXrj6t9I,bracket suffix in track title only
VIRGINIA001,1,https://youtube.com/watch?v=rpPYnFizhqU,bracket suffix in track title only
AHRPE005,1,https://youtube.com/watch?v=Z82skcTHE9w,bracket suffix in track title only
BST014,1,https://youtube.com/watch?v=tcGwkiZEV98,bracket suffix in track title only
PAMPA017,1,https://youtube.com/watch?v=oYtJMnYc3Uc,bracket suffix in track title only
Karlovak,1,https://youtube.com/watch?v=83IJpihX3Mo,bracket suffix in track title only
ON EDGE SOCIETY,1,http://youtu.be/WUDE3Qwlqy4,bracket suffix in track title only
"Deeply Rooted House, 2007",1,http://youtu.be/UpZG5nTli-Q,bracket suffix in track title only
2012,1,http://youtu.be/uVSye6PofCA,bracket suffix in track title only
Disco,1,https://youtu.be/allB2VKX5YI,bracket suffix in track title only
2/3,1,https://youtu.be/Q_WoEJUUj7I,bracket suffix in track title only
Animals Dancing - ANIMALS 001,1,https://youtube.com/watch?v=Z0PJ05aMTbw,bracket suffix in track title only
Nein Records,1,https://youtube.com/watch?v=26v1Ig1TN3A,bracket suffix in track title only
Claque Musique,1,https://youtube.com/watch?v=MnDMJdH13QQ,bracket suffix in track title only
4/5,1,http://youtube.com/watch?v=l8XpqI2nUzc,bracket suffix in track title only
MAW Records ‎– MAW 0003,1,https://youtube.com/watch?v=6o-awpfXzQQ,bracket suffix in track title only
MYTH003,1,https://youtube.com/watch?v=BErFZNh8qnk,bracket suffix in track title only
MYTH002,1,https://youtube.com/watch?v=G3EXjtqGULA,bracket suffix in track title only
Strength Music 015,1,https://youtu.be/t_51BrUbYe0,bracket suffix in track title only
PETS RECORDINGS,1,http://youtu.be/iaQna1BCvwU,bracket suffix in track title only
Enlightenment EP - B-side | Singular Records 2013,1,https://youtube.com/watch?v=LLSBQ8dX1gw,bracket suffix in track title only
Trainspotting,1,https://youtube.com/watch?v=6iKFn8dlxX8,bracket suffix in track title only
Ninja Tune,1,https://youtube.com/watch?v=cv3089tOcLg,bracket suffix in track title only
1987,1,https://youtube.com/watch?v=Y-Fcx4SGKqo,bracket suffix in track title only
PH40,1,https://youtube.com/watch?v=rSIX4kXq2nM,bracket suffix in track title only
Stripped Recordings,1,http://youtube.com/watch?v=xUaCM2b30hI,bracket suffix in track title only
Ame Remix,1,http://youtube.com/watch?v=6RoaxPbrp0U,bracket suffix in track title only
Vinyl,1,https://youtube.com/watch?v=Q8ER41n9SRE,bracket suffix in track title only
Zodiac 44 - ZAIRES,1,https://youtube.com/watch?v=sDCsbmDkeNk,bracket suffix in track title only
"Power Music Trax, 1993",1,http://youtube.com/watch?v=-Mr1fniJegQ,bracket suffix in track title only
Dungeon Meat - DMT 01,1,https://youtube.com/watch?v=ufp7Wkog4MQ,bracket suffix in track title only
Ryan Elliot Remix,1,http://youtube.com/watch?v=ZAgEyLKJFvk,bracket suffix in track title only
FAN VIDEO,1,http://youtu.be/fgyR2zQlHD4,bracket suffix in track title only
EH001,1,https://youtube.com/watch?v=-Y4B5Fww5us&feature=youtu.be,bracket suffix in track title only
Downtown 161,1,https://youtube.com/watch?v=hwvBQzQCcK0,bracket suffix in track title only
VIBE ME,1,https://youtube.com/watch?v=wbMUbESJItY,bracket suffix in track title only
Remix,1,https://youtube.com/watch?v=Q-6c3dTL9tQ,bracket suffix in track title only
Last Night On Earth,1,https://youtube.com/watch?v=81SXRUTQe_c,bracket suffix in track title only
Baalsaal Records,1,https://youtube.com/watch?v=O4zj0OjUADM,bracket suffix in track title only
Strictly Rhythm 12357 - A-Side,1,http://youtube.com/watch?v=hy2vIZMO-v4,bracket suffix in track title only
HFT030,1,http://youtu.be/f72C6Puv8h0,bracket suffix in track title only
Club Mix,1,http://youtube.com/watch?v=I8JVjG1ZNME,bracket suffix in track title only
Tamed Musiq,1,http://youtube.com/watch?v=Xo-QyJWRJqM,bracket suffix in track title only
Life and Death,1,http://youtube.com/watch?v=0bQFYwuObr8,bracket suffix in track title only
Rare Original 12 Inch Extended Promo,1,http://youtube.com/watch?v=atsMPZrm0BA,bracket suffix in track title only
ITJ07,1,http://youtube.com/watch?v=EvalIsR5OXE,bracket suffix in track title only
Levon Vincent remix,1,http://youtube.com/watch?v=Fa4hsxkMlO8,bracket suffix in track title only
Honest Jon's,1,http://youtube.com/watch?v=eL-4BE_4TI0,bracket suffix in track title only
Phonography,1,http://youtube.com/watch?v=RjUnO0BKZMA,bracket suffix in track title only
1991,1,http://youtube.com/watch?v=5kN6WtRhdyg,bracket suffix in track title only
full lenght,1,http://youtube.com/watch?v=ZgZdchfBe5Q,bracket suffix in track title only
L.I.E.S. 014.5,1,http://youtube.com/watch?v=iMUe6qsRz9g,bracket suffix in track title only
2011,1,http://youtube.com/watch?v=JPiwE9r_dzE,bracket suffix in track title only
Trelik 14 - A,1,http://youtu.be/DPwQIfrbJg0,bracket suffix in track title only
PRTR09,1,http://youtube.com/watch?v=dJFsEaCMdWY,bracket suffix in track title only
mantis 018,1,http://youtube.com/watch?v=TQvUGOe-Inw,bracket suffix in track title only
UR 030,1,http://youtube.com/watch?v=pry4TMuSnbY,bracket suffix in track title only
Permanent Vacation,1,http://youtube.com/watch?v=gHWfASdP0Jc,bracket suffix in track title only
Playhouse,1,http://youtube.com/watch?v=od78WOsV918,bracket suffix in track title only
COMEME,1,http://youtube.com/watch?v=QWyPMsYrmTg,bracket suffix in track title only
VQ005,1,http://youtube.com/watch?v=uzGA0NqdHSM,bracket suffix in track title only
UQ-028,1,http://youtube.com/watch?v=LQg7bN8SSmM,bracket suffix in track title only
Wild Cats EP,1,http://youtube.com/watch?v=7o1JuunQJD8,bracket suffix in track title only
Vinyl Rip,1,http://youtube.com/watch?v=f-q0rtyMLEE,bracket suffix in track title only
Free HQ DL,1,http://youtube.com/watch?v=2E_fkrmKKbA,bracket suffix in track title only
Workshop XX,1,http://youtube.com/watch?v=U_JfpAF1xug,bracket suffix in track title only
"Environ, 2003",1,http://youtube.com/watch?v=gKa5WfGY91g,bracket suffix in track title only
720p,1,http://youtube.com/watch?v=VEsVgF7pByY,bracket suffix in track title only
Extended Mix,1,http://youtube.com/watch?v=yb5osClXQHY,bracket suffix in track title only
Voices Of Life,1,http://youtube.com/watch?v=4DSmrg5aerE,bracket suffix in track title only
"Ostgut Ton, 2008",1,http://youtube.com/watch?v=VbO88n12zl0,bracket suffix in track title only
original mix,1,http://youtube.com/watch?v=oBQDChSclV8,bracket suffix in track title only
SCB003,1,http://youtube.com/watch?v=RAt8t8bRRg0,bracket suffix in track title only
HQ Music Video,1,http://youtube.com/watch?v=f-ywo5WUNyU,bracket suffix in track title only
FORTHCOMING SUNKLOWUN,1,http://youtube.com/watch?v=X01ye1fVQCU,bracket suffix in track title only
O-TON035,1,http://youtube.com/watch?v=QtfQX1EmWlw,bracket suffix in track title only
OFFICIAL,1,http://youtube.com/watch?v=euS2SlC68q8,bracket suffix in track title only
Bosconi016,1,http://youtube.com/watch?v=gWL7ih5s370,bracket suffix in track title only
Vidab,1,http://youtube.com/watch?v=kC0JJwM9x8A,bracket suffix in track title only
Cecille,1,http://youtube.com/watch?v=dA2ktxV2f9Q,bracket suffix in track title only
Baobab Music,1,http://youtube.com/watch?v=LYWIjldfoNs,bracket suffix in track title only
LUV101,1,http://youtube.com/watch?v=ErZR9ZqEWbA&feature=related,bracket suffix in track title only
C.O.M.B.i C/D,1,http://youtube.com/watch?v=7hU5kAZ01XQ,bracket suffix in track title only
NOIR MUSIC,1,http://youtube.com/watch?v=ycsDzrFT-tI,bracket suffix in track title only
totp2,1,http://youtube.com/watch?v=915a1F-PTck,bracket suffix in track title only
